{
  "_comment" : "Create a AWS AMI ith AMZ Linux 2018 with Java and Tomcat",
  "variables": {
    "aws_access_key": "",
    "aws_secret_key": ""
  },
  "builders": [{
    "type": "amazon-ebs",
    "access_key": "{{user `aws_access_key`}}",
    "secret_key": "{{user `aws_secret_key`}}",
    "region": "us-east-1",
    "source_ami": "ami-00eb20669e0990cb4",
    "instance_type": "t2.micro",
    "ssh_username": "ec2-user",
    "ami_name": "DevOpsClass-Build-{{isotime | clean_resource_name}}",
    "vpc_id": "vpc-0279b63e55a989eec",
    "subnet_id": "subnet-030f47dbff6b596aa"
  }],
  "provisioners": [{
    "type": "shell",
    "inline": [
      "sleep 30",
      "sudo yum update -y",
      "sudo yum install nginx -y",
      "sudo yum install git -y",
      "sudo git clone https://github.com/mavrick202/webhooktesting.git",
      "sudo rm -rf /usr/share/nginx/html/index.html",
      "sudo cp webhooktesting/index.html /usr/share/nginx/html/index.html",
      "sudo cp webhooktesting/style.css /usr/share/nginx/html/style.css",
      "sudo cp webhooktesting/scorekeeper.js /usr/share/nginx/html/scorekeeper.js",
      "sudo service nginx start",
      "sudo chkconfig nginx on"
      ]
  }]
}

